mode,constant,std
same,291.33321187594976,0.33067022823684006
valid,71956.79081256136,0.040024782663955226
full,154.68092517611097,4.807257488935337
