mode,constant,std,ndim
same,23743.55575586141,869.1907838541028,2
valid,47251.5991118315,1479.9481362774916,2
full,320494.2385316783,15472.133739696837,2
