mode,O_fft,O_direct,O_offset,log2error,cond,ndim
valid,7.288009432236242e-06,3.344823948859511e-07,1.68e-06,-1,,1
full,7.267394667196919e-06,2.01089644491034e-07,1.68e-06,-1,,1
same,2.3223384721609944e-05,1.5102026560680136e-06,1.68e-06,-1,np_conv,1
same,2.3427484203562355e-05,1.7667267579144868e-06,1.68e-06,-1,sp_conv,1
