mode,constant,std,cond,ndim
valid,14.336458082971573,0.13344469622829414,,1
full,11.548068597910962,0.08081081901547015,,1
same,15.747428643244357,0.08888964067251177,np_conv,1
same,0.7336707847734739,0.005842600449943442,sp_conv,1
