mode,constant,std,cond,ndim
valid,15.881264216424073,0.15310223213724386,,1
full,12.75922788876247,0.09342924843630046,,1
same,17.766409711888887,0.10440726552454291,np_conv,1
same,0.8086534697663967,0.00666270458004009,sp_conv,1
