mode,constant,std,ndim
same,964.3580370814427,80.34687428637622,1
valid,70921.51829900651,2306.147242849512,1
full,67425.80805326015,1704.2220648288737,1
