mode,constant,std,cond,ndim
valid,14.126224699070834,0.304395720416952,,1
full,12.879025352005083,0.26198738424506274,,1
same,0.06210513569021269,0.0030373966555114467,bigger_kernel,1
same,13.349841929324734,0.2840177476985814,smaller_kernel,1
