mode,constant,std,cond,ndim
valid,14.336458082971573,0.13344469622829414,,1
full,14.320593536430781,0.12286617653040303,,1
same,0.08847913360539553,0.0018928499755570475,bigger_kernel,1
same,18.060235190129017,0.1416212396715055,smaller_kernel,1
