mode,constant,std,ndim
same,0.5560762538567564,0.010129520557895497,2
valid,0.25742085128232434,0.004272670237849737,2
full,0.24919272196079734,0.0038700504399175723,2
