mode,constant,std,ndim
same,16.487500571374525,0.19556590227628237,2
valid,11.680560793398978,0.10681730344847486,2
full,10.423440615864981,0.10023164914554886,2
