,O_fft,O_direct,O_offset,mode,ndim
1,1.8592733132026955e-09,2.1124205296077287e-08,2e-06,valid,2
2,1.9981789434194745e-09,1.6617436832963772e-08,2e-06,full,2
0,2.047343931902516e-09,1.553670834598294e-08,2e-06,same,2
