mode,constant,std,ndim
same,4.505346900223491,0.10913695614755833,2
valid,11.680560793398978,0.10681730344847486,2
full,10.423440615864981,0.10023164914554886,2
